GroupCode,MenuCode,GroupName,ChineseGroupName,Name,ChineseName,PNU,DefaultValue,Min,Max,UnitConv,Unit,scale,Datatype,Enum,ChineseEnum,ModelCodeValue,ReadOnly,LicenseKey,Help,ChineseHelp,functions,BitPosition,User,Decimal,Visibility,VariableName
"THE","LSE","Thermostat","温控","Lowest Temperature Limit","低温设定点","103","0.0","-100.0","120.0","C/F a","°C","100.0","Float","","","15","0","LIC001","Cut out temperature at coldest position of the spindle (thermostat kNob)","Cut out temperature at coldest position of the spindle (thermostat kNob)","DWC","","1,2,3","100.0","","Lowest Temperature Limit"
"THE","HSE","Thermostat","温控","Highest Temperature Limit","高温设定点","102","10.0","-100.0","120.0","C/F a","°C","100.0","Float","","","15","0","LIC001","Cut out temperature at warmest position of the spindle (thermostat kNob)","Cut out temperature at warmest position of the spindle (thermostat kNob)","DWC","","1,2,3","100.0","","Highest Temperature Limit"
"THE","Ldi","Thermostat","温控","Lowest Temperature Differential","最低温差","101","2.0","1.0","50.0","C/F r","K","100.0","Float","","","15","0","LIC001","This defines the difference between the cut-out and the cut-in at coldest position of thermostat","This defines the difference between the cut-out and the cut-in at coldest position of thermostat","DWC","","1,2,3","100.0","","Lowest Temperature Differential"
"THE","Hdi","Thermostat","温控","Highest Temperature Differential","最高温差","104","2.0","1.0","50.0","C/F r","K","100.0","Float","","","15","0","LIC001","This defines the difference between the cut-out and the cut-in at warmest position of thermostat","This defines the difference between the cut-out and the cut-in at warmest position of thermostat","DWC","","1,2,3","100.0","","Highest Temperature Differential"
"FAN","FCt","FAN","风机","Fan Control Method","风扇控制方法","1520","0.0","0.0","2.0","no","","1.0","enum","0:FAo,1:FFc,2:FPL","0:FAo,1:FFc,2:FPL","15","0","LIC001","Defines the Fan control method
FAo- Fan always on
FFC- Fan follow compressor (Fan runs only when compressor is On)
FPL- Fan Cycling (Fan cycling during compressor off cycle)","Defines the Fan control method
FAo- Fan always on
FFC- Fan follow compressor (Fan runs only when compressor is On)
FPL- Fan Cycling (Fan cycling during compressor off cycle)","DWC","","1,2,3","1.0","","Fan Control Method"
"FAN","Fod","FAN","风机","Fan ON Delay","风机启动延迟","1503","0.0","0.0","240.0","no","Secs","1.0","INT","","","15","0","LIC001","Time delay to start the fan after compressor cut-in","Time delay to start the fan after compressor cut-in","DWC","","1,2,3","1.0","","Fan ON Delay"
"FAN","FSd","FAN","风机","Fan Stop Delay","风机关闭延迟","1500","0.0","0.0","240.0","no","Secs","1.0","INT","","","15","0","LIC001","Time delay to stop the fan after compressor cut-out","Time delay to stop the fan after compressor cut-out","DWC","","1,2,3","1.0","","Fan Stop Delay"
"FAN","Foc","FAN","风机","Fan On Cycle","风机启动循环","1521","0.0","0.0","960.0","no","Secs","1.0","INT","","","15","0","LIC001","If fan control method is selected as ""FPL"" this parameter defines the fan ON time during fan pulsating cycle","If fan control method is selected as ""FPL"" this parameter defines the fan ON time during fan pulsating cycle","DWC","","1,2,3","1.0","","Fan On Cycle"
"FAN","FSc","FAN","风机","Fan Stop Cycle","风机关闭循环","1522","0.0","0.0","960.0","no","Secs","1.0","INT","","","15","0","LIC001","If fan control method is selected as ""FPL"" this parameter defines the fan OFF time during fan pulsating cycle","If fan control method is selected as ""FPL"" this parameter defines the fan OFF time during fan pulsating cycle","DWC","","1,2,3","1.0","","Fan Stop Cycle"
"FAN","Fdt","FAN","风机","Fan stop delay on door open","门开启后风机停止","1523","0.0","0.0","999.0","no","Secs","1.0","INT","","","15","0","LIC001","The delay to stop the fan after the door has been opened""0""- fan stop immediately when door open""1-998""- delay for fan stop after door open""999""- fan keep running all the time during door open","The delay to stop the fan after the door has been opened""0""- fan stop immediately when door open""1-998""- delay for fan stop after door open""999""- fan keep running all the time during door open","DWC","","1,2,3","1.0","","Fan Stop Time on Door Open"
"FAN","FSt","FAN","风机","Fan Minimum Stop Time","风机最小停止时间","1524","10.0","0.0","960.0","no","Secs","1.0","INT","","","15","0","LIC001","Minimum time fan must stop whenever it is switched off","Minimum time fan must stop whenever it is switched off","DWC","","1,2,3","1.0","","Fan Minimum Stop Time"
"FAN","FLt","FAN","风机","Fan Limit Temperature","风扇极限温度","1526","50.0","0.0","50.0","C/F a","°C","100.0","Float","","","15","0","LIC001","This function prevents the evaporator fan to operate if the temperature is above the fan limit temperature. If the defrost sensor registers a higher temperature than the one set here, the fan will be stopped to avoid the warm air circulation in the cabinet. Fan will restart when evap temperature goes 2 degC less than FLt (FLt-2 DegC). This parameter is active only when evaporator sensor is configured","This function prevents the evaporator fan to operate if the temperature is above the fan limit temperature. If the defrost sensor registers a higher temperature than the one set here, the fan will be stopped to avoid the warm air circulation in the cabinet. Fan will restart when evap temperature goes 2 degC less than FLt (FLt-2 DegC). This parameter is active only when evaporator sensor is configured","DWC","","1,2,3","100.0","","Fan Limit Temperature"
"CoP","Crt","Compressor","压缩机","Min Run time","最小运行时间","500","0.0","0.0","1800.0","no","Secs","1.0","INT","","","15","0","LIC001","To prevent the compressor from frequent cut-outs, this parameter would ensure that the  compressor runs for atleast the specified time. This parameter overrides the cut-out temperature. [Tip: Setting this parameter too high could lead to unneccessary deep temperatures]","To prevent the compressor from frequent cut-outs, this parameter would ensure that the  compressor runs for atleast the specified time. This parameter overrides the cut-out temperature. [Tip: Setting this parameter too high could lead to unneccessary deep temperatures]","DWC","","1,2,3","1.0","","Min Run time"
"CoP","CSt","Compressor","压缩机","Min Stop time","最小停止时间","501","120.0","0.0","1800.0","no","Secs","1.0","INT","","","15","0","LIC001","To prevent the compressor from frequent cut-ins, this parameter would ensure that the  compressor remains off for atleast the specified time under this parameter. This parameter overrides the cut-in temperatures. [Tip: Setting this parameter too high could lead to unneccessary warm temperatures]","To prevent the compressor from frequent cut-ins, this parameter would ensure that the  compressor remains off for atleast the specified time under this parameter. This parameter overrides the cut-in temperatures. [Tip: Setting this parameter too high could lead to unneccessary warm temperatures]","DWC","","1,2,3","1.0","","Min Stop time"
"CoP","Cdd","Compressor","压缩机","Compressor Door open delay","压缩机门开启延迟","549","0.0","0.0","999.0","no","Secs","1.0","INT","","","15","0","LIC001","This parameter sets the delay in stopping the compressor when  door is opened. If set ""0"" compressor stops immediately. If set 15 it will disable the functionality and does not stop the compressor","This parameter sets the delay in stopping the compressor when  door is opened. If set ""0"" compressor stops immediately. If set 15 it will disable the functionality and does not stop the compressor","DWC","","1,2,3","1.0","","Compressor Door open delay"
"CoP","Srt","Compressor","压缩机","System Resume after door open","门开启后系统恢复","555","0.0","0.0","60.0","no","Mins","1.0","INT","","","15","0","LIC001","If door is kept open for long time, compressor and fan will resume after this time if they switched off due to door open. [Note : 'Srt' must be always greater than' Cdd' and 'Fdt']If Srt=0, System resume feature disabled and system will resume only when the door is closed.","If door is kept open for long time, compressor and fan will resume after this time if they switched off due to door open. [Note : 'Srt' must be always greater than' Cdd' and 'Fdt']If Srt=0, System resume feature disabled and system will resume only when the door is closed.","DWC","","1,2,3","1.0","","System Resume after door open"
"CoP","Pod","Compressor","压缩机","Power On Delay","上电延迟","2000","120.0","0.0","300.0","no","Secs","1.0","INT","","","15","0","LIC001","This is the delay in seconds between power-on and the output relays being activated","This is the delay in seconds between power-on and the output relays being activated","DWC","","1,2,3","1.0","","Power On Delay"
"ALA","LAt","Alarm","报警","Low temp Alarm limit","低温报警","10020","-5.0","-100.0","120.0","C/F a","°C","100.0","Float","","","15","0","LIC001","If cabinet air temperature goes below this value will raise low temperature alarm  (All these alarm status can be viewed only in KoolProg)","If cabinet air temperature goes below this value will raise low temperature alarm  (All these alarm status can be viewed only in KoolProg)","DWC","","1,2,3","100.0","","Low temp Alarm limit"
"ALA","HAt","Alarm","报警","High temp Alarm limit","高温报警","10019","15.0","-100.0","120.0","C/F a","°C","100.0","Float","","","15","0","LIC001","If cabinet air temperature goes above this value will raise low temperature alarm","If cabinet air temperature goes above this value will raise low temperature alarm","DWC","","1,2,3","100.0","","High temp Alarm limit"
"ALA","Ltd","Alarm","报警","Low temp Alarm delay","低温报警延迟","10001","0.0","0.0","240.0","no","Mins","1.0","INT","","","15","0","LIC001","Time delay to raise alarm once low temperature alarm limit is reached","Time delay to raise alarm once low temperature alarm limit is reached","DWC","","1,2,3","1.0","","Low temp Alarm delay"
"ALA","Htd","Alarm","报警","High temp Alarm delay","高温报警延迟","10000","30.0","0.0","240.0","no","Mins","1.0","INT","","","15","0","LIC001","Time delay to raise alarm once high temperature alarm limit is reached","Time delay to raise alarm once high temperature alarm limit is reached","DWC","","1,2,3","1.0","","High temp Alarm delay"
"ALA","dod","Alarm","报警","Alarm Door open delay","门开延迟","10003","2.0","0.0","60.0","no","Mins","1.0","INT","","","15","0","LIC001","Time delay to raise alarm if the door is kept open. If the door is closed before the delay time, it will not raise alarm","Time delay to raise alarm if the door is kept open. If the door is closed before the delay time, it will not raise alarm","DWC","","1,2,3","1.0","","Alarm Door open delay"
"ECO","Eco","ECO Strategy","ECO策略","ECO Mode Enable","ECO模式启用","2106","0.0","0.0","1.0","no","","1.0","enum","0:No,1:Yes","0:关闭,1:开启","15","0","LIC001","ECO mode is active or not. If selected ""No"" all other settings related to ECO mode are not active","ECO mode is active or not. If selected ""No"" all other settings related to ECO mode are not active","DWC","","1,2,3","1.0","","ECO Mode ON/OFF"
"SyP","uPt","System Protection","系统保护","Voltage Protection function","电压保护","550","0.0","0.0","1.0","no","","1.0","enum","0:No,1:Yes","0:关闭,1:开启","15","0","LIC001","This feature protects the compressor if the line voltage goes beyond the operating range","This feature protects the compressor if the line voltage goes beyond the operating range","DWC","","1,2,3","1.0","","Voltage Protection function"
"Tst","tSt","Test Mode","测试模式","Operating mode","操作模式
","300","1.0","0.0","2.0","no","","1.0","enum","0:Manual Mode,1:Normal Mode","0:Manual Mode,1:Normal Mode","15","0","LIC001","Normal mode - Normal operation mode of the controllerManual mode- In this mode output relays can be switched ON and OFF irrespective of temperature conditions","Normal mode - Normal operation mode of the controllerManual mode- In this mode output relays can be switched ON and OFF irrespective of temperature conditions","DWC","","1,2,3","1.0","","Operating mode"
"Tst","tSE","Test Mode","测试模式","Test mode setpoint","测试模式设定值","301","50.0","-100.0","120.0","C/F r","K","100.0","Float","","","0","0","LIC001","Test mode setpoint","Test mode setpoint","DWC","","1,2,3","100.0","","Test mode setpoint"
"Tst","tSD","Test Mode","测试模式","Test mode differential ","Test mode differential ","302","1.0","0.0","50.0","C/F r","K","100.0","Float","","","0","0","LIC001","","","DWC","","1,2,3","100.0","","Test mode differential "
"Tst","LPt","Test Mode","测试模式","Default Setpoint","Default Setpoint","303","50.0","0.0","50.0","C/F r","K","100.0","Float","","","0","0","LIC001","","","DWC","","1,2,3","100.0","","Default Setpoint"
"Tst","RES","Test Mode","测试模式","Relay Status in Service Mode","Relay Status in Service Mode","340","0.0","0.0","3.0","","","1.0","INT","","","0","2","LIC001","","","DWC","","1,2,3","1.0","","Relay Status in Service Mode"
"ALA","Pdd","Alarm","报警","Alarm delay during Pull Down/ Power up /defrost","下拉/加电/除霜期间的报警延迟","10018","60.0","0.0","960.0","no","Mins","1.0","INT","","","15","0","LIC001","Time delay to raise high temperature alarm during pull down, power up and defrost in order to avoid wrong alarm signal during these conditions","Time delay to raise high temperature alarm during pull down, power up and defrost in order to avoid wrong alarm signal during these condtions","DWC","","1,2,3","1.0","","Alarm delay during Pull Down/ Power up /defrost"
"THE","IPE","Thermostat","温控","Initial pull down ON/OFF","IPD开/关","2105","0.0","0.0","1.0","","","1.0","enum","0:OFF,1:ON","0:否,1:是","15","0","LIC001","Initial Pull down 
oFF- Disable
on- Enable
Initial pull down (IPD) is to provide faster cooling when the cabinet is powered up with warmer inside temperature.  During IPD, defrost will be skipped until cabinet air temperature reaches cut out temperature or IPD duration expires. IPD operates only during power up and can be enabled/disabled using this parameter","Initial Pull down 
oFF- Disable
on- Enable
Initial pull down (IPD) is to provide faster cooling when the cabinet is powered up with warmer inside temperature.  During IPD, defrost will be skipped until cabinet air temperature reaches cut out temperature or IPD duration expires. IPD operates only during power up and can be enabled/disabled using this parameter
","DWC","","1,2,3","1.0","","Initial pull down ON/OFF"
"Tst","tSt","Test Mode","测试模式","Relay 1 Switch","继电器1开关","340","0.0","0.0","1.0","","","1.0","BIT","0:Off,1:On","0:Off,1:On","15","99","LIC001","Turn On Relay 1 Switch Manually","Turn On Relay 1 Switch Manually","DWC","0","1,2,3","1.0","Operating_mode == 0","Relay 1 Switch"
"Tst","tSt","Test Mode","测试模式","Relay 2 Switch","继电器2开关
","340","0.0","0.0","1.0","","","1.0","BIT","0:Off,1:On","0:Off,1:On","15","99","LIC001","Turn On Relay 2 Switch Manually","Turn On Relay 2 Switch Manually","DWC","1","1,2,3","1.0","(Operating_mode == 0 &&  Relay_2_Config > 0)","Relay 2 Switch"
"SyP","uLi","System Protection","系统保护","Minimum Cut-in Voltage","最小切入电压","543","100.0","70.0","230.0","no","V","1.0","INT","","","15","0","LIC001","The lowest voltage at which the compressor is allowed to Cut-in","The lowest voltage at which the compressor is allowed to Cut-in","DWC","","1,2,3","1.0","","Minimum Cut-in Voltage"
"SyP","uLo","System Protection","系统保护","Minimum Cut out Voltage","最小切断电压","544","90.0","70.0","225.0","no","V","1.0","INT","","","15","0","LIC001","When the compressor is running, if voltage goes below this value, it will switch off the compressor.  This parameter is to avoid sudden switching on and off of compressor due to voltage fluctuations. This cut-off voltage will override compressor minimum run time","When the compressor is running, if voltage goes below this value, it will switch off the compressor.  This parameter is to avoid sudden switching on and off of compressor due to voltage fluctuations. This cut-off voltage will override compressor minimum run time","DWC","","1,2,3","1.0","","Minimum Cut out Voltage"
"SyP","uHi","System Protection","系统保护","Maximum cut out Voltage","最大电压","545","260.0","110.0","270.0","no","V","1.0","INT","","","15","0","LIC001","when the compressor is running, it will be switched off if the voltage exceeds this value
If the compressor is already stopped, it will remain switched off","when the compressor is running, it will be switched off if the voltage exceeds this value
If the compressor is already stopped, it will remain switched off","DWC","","1,2,3","1.0","","Maximum cut out Voltage"
"THE","IPD","Thermostat","温控","IPD and Pull down Duration","超冷却周期","604","0.0","0.0","120.0","no","Hrs","1.0","INT","","","15","0","LIC001","Maximum time IPD and Pull down can run. IPD and Pull down will terminate as soon as this time expires regardless of cab air temperature","Maximum time IPD and Pull down can run. IPD and Pull down will terminate as soon as this time expires regardless of cab air temperature","DWC","","1,2,3","1.0","","IPD and Pull down Duration"
"THE","Pit","Thermostat","温控","Pull down and IPD Initiate Temp","超冷却开启温度","600","50.0","-50.0","120.0","C/F a","°C","100.0","Float","","","15","0","LIC001","This parameter indicates the temperature at which IPD or Pulldown will be initiated. - At Power up: If cab air temp>Pit for more than 5 minutes trigger the Initial pull down.- During normal operation:  if the cab air temp stays above Pit>1hr trigger the Pull down","This parameter indicates the temperature at which IPD or Pulldown will be initiated. - At Power up: If cab air temp>Pit for more than 5 minutes trigger the Initial pull down.- During normal operation:  if the cab air temp stays above Pit>1hr trigger the Pull down","DWC","","1,2,3","100.0","","Pull down and IPD Initiate Temp"
"THE","PLt","Thermostat","温控","Pull Down Limit Temp","超冷却极限温度","601","0.0","-100.0","120.0","C/F a","°C","100.0","Float","","","15","0","LIC001","This parameter sets the cut out temperature during Pull-down cycle to achieve more cooling. Controller will exit the pull down once this temperature is achieved or expiry of  pull down duration (IPD) ","This parameter sets the cut out temperature during Pull-down cycle to achieve more cooling. Controller will exit the pull down once this temperature is achieved or expiry of  pull down duration (IPD) ","DWC","","1,2,3","100.0","","Pull Down Limit Temp"
"ECO","Eto","ECO Strategy","ECO策略","Eco Offset","ECO温度偏差","2104","4.0","-25.0","25.0","C/F r","K","100.0","Float","","","15","0","LIC001","Defines offset temperature during ECO mode. Offset can be positive or negative","Defines offset temperature during ECO mode. Offset can be positive or negative","DWC","","1,2,3","100.0","","Eco Offset"
"ECO","Edd","ECO Strategy","ECO策略","Eco Door Delay","门延迟","2110","180.0","0.0","360.0","no","Mins","1.0","INT","","","15","0","LIC001","Time delay for entering in to ECO mode if there is no door open","Time delay for entering in to ECO mode if there is no door open","DWC","","1,2,3","1.0","","Eco Door Delay"
"SyP","CAL","System Protection","系统保护","Condenser Alarm Limit","冷凝器报警温度","800","80.0","0.0","120.0","C/F a","°C","100.0","Float","","","15","0","LIC001","This parameter sets the condenser temperature at which an alarm will be generated","This parameter sets the condenser temperature at which an alarm will be generated","DWC","","1,2,3","100.0","","Condenser Alarm Limit"
"SyP","CbL","System Protection","系统保护","Condenser Block Limit","冷凝器停机温度","801","85.0","0.0","120.0","C/F a","°C","100.0","Float","","","15","0","LIC001","This parameter sets the compressor switched off due to high condenser temperature","This parameter sets the compressor switched off due to high condenser temperature","DWC","","1,2,3","100.0","","Condenser Block Limit"
"SyP","CoL","System Protection","系统保护","Condenser OK Limit","冷凝器重启温度","802","60.0","0.0","120.0","C/F a","°C","100.0","Float","","","15","0","LIC001","This parameter sets the compressor to switch On again after switched off due to  high condenser temperature respecting minimum compressor stop time","This parameter sets the compressor to switch On again after switched off due to  high condenser temperature respecting minimum compressor stop time","DWC","","1,2,3","100.0","","Condenser OK Limit"
"SyP","EHd","System Protection","系统保护","Control sensor error handling type","传感器错误处理方法","551","2.0","0.0","2.0","","","1.0","enum","0:No,1:Set,2:Aut","0:No,1:Set,2:Aut","15","0","LIC001","Method to control the cooling cycle in case of cabinet air sensor error
""No"": No sensor error handling
""SEt"": Follow configured error run and stop time
""Aut"" : Control automaticaly based on past cycles time","Method to control the cooling cycle in case of cabinet air sensor error
""No"": No sensor error handling
""SEt"": Follow configured error run and stop time
""Aut"" : Control automaticaly based on past cycles time","DWC","","1,2,3","1.0","","Control sensor error handling type"
"SyP","Ert","System Protection","系统保护","Error Run Time","故障时运行时间","541","0.0","0.0","60.0","","Mins","1.0","INT","","","15","0","LIC001","Cooling cycle ON time in case of cabinet sensor error (Active only if EHd=SEt)","Cooling cycle ON time in case of cabinet sensor error (Active only if EHd=SEt)","DWC","","1,2,3","1.0","","Error Run Time"
"SyP","Est","System Protection","系统保护","Error Stop Time","故障时停止时间","542","0.0","0.0","60.0","","Mins","1.0","INT","","","15","0","LIC001","Cooling cycle off time in case of cabinet sensor error (Active only if EHd=SEt)","Cooling cycle off time in case of cabinet sensor error (Active only if EHd=SEt)","DWC","","1,2,3","1.0","","Error Stop Time"
"SyP","ZC","System Protection","系统保护","Zero Cross Config","零交叉配置","575","1.0","0.0","1.0","no","","1.0","enum","0:No,1:Yes","0:No,1:Yes","15","0","LIC001","This parameter enhances the relay life and also avoid relay sparks during relay on and off. If selected ""Yes""relays will be switched on and off when the line-voltage is closeer to zero","This parameter enhances the relay life and also avoid relay sparks during relay on and off. If selected ""Yes""relays will be switched on and off when the line-voltage is closeer to zero","DWC","","1,2,3","1.0","","Zero Cross Config"
"ASi","SEn","Assignment","配置","Sensor Type","传感器类型","2311","1.0","0.0","2.0","no","","1.0","enum","0:NTC5K,1:NTC10K,2:PTC","0:NTC5K,1:NTC10K,2:PTC","15","0","LIC001","Sensor type (All sensors must be of same type)
NTC5K - NTC 5000 Ohm at 25 °C (Beta value=3980 @ 25/100 °C)
NTC10K - NTC 10000 Ohm at 25 °C (Beta Value 3980 @ 25/100 °C)
PTC - PTC 990","Sensor type (All sensors must be of same type)
NTC5K - NTC 5000 Ohm at 25 °C (Beta value=3980 @ 25/100 °C)
NTC10K - NTC 10000 Ohm at 25 °C (Beta Value 3980 @ 25/100 °C)
PTC - PTC 990","DWC","","1,2,3","1.0","","Sensor Type"
"ASi","S2C","Assignment","配置","S2 Configuration","S2 Configuration","2308","2.0","0.0","8.0","no","","1.0","enum","0:nC,1:Con,2:EuA,3:doC,4:doo,5:ESP,6:ESt,7:Pud,8:dES","0:nC,1:Con,2:EuA,3:doC,4:doo,5:ESP,6:ESt,7:Pud,8:dES","15","0","LIC001","Desired configuration for S2 portnC- Not used/configuredCon- Condenser SensorEuA- Defrost/evap SensordoC- Door Sensor (Normally closed type)doo- Door Sensor (Normally open type)ESP- Eco Switch - Push button typeESt- ECO Switch - Toggle typePud- Pull down switch - Push Button type onlydES- Defrost switch -- Push Button type only","Desired configuration for S2 portnC- Not used/configuredCon- Condenser SensorEuA- Defrost/evap SensordoC- Door Sensor (Normally closed type)doo- Door Sensor (Normally open type)ESP- Eco Switch - Push button typeESt- ECO Switch - Toggle typePud- Pull down switch - Push Button type onlydES- Defrost switch -- Push Button type only","DWC","","1,2,3","1.0","","S2 Configuration"
"ASi","o2C","Assignment","配置","Relay 2 Config","继电器2配置","2312","1.0","0.0","5.0","no","","1.0","enum","0:nC,1:dEF,2:FAn,3:LIg,4:ALA,5:Scc","0:nC,1:dEF,2:FAn,3:LIg,4:ALA,5:Scc","15","0","LIC001","Desired configuration for relay 2nC-Not ConnecteddEF- Configured for defrost heater or defrost valveFAn- Configured for evaporator fanLIg - Configured for Cabinet LightALA- Configured for External AlarmScc - Second compressor","Desired configuration for relay 2nC-Not ConnecteddEF- Configured for defrost heater or defrost valveFAn- Configured for evaporator fanLIg - Configured for Cabinet LightALA- Configured for External AlarmScc - Second compressor","DWC","","1,2,3","1.0","","Relay 2 Config"
"Ser","Aid","Service","服务","Application ID","应用程序ID","2077","0.0","0.0","65535.0","","","1.0","INT","","","0","1","LIC003","","","DWC","","1,2,3","1.0","","Application ID"
"Ser","Par","Service","服务","Parameter Version","参数版本","2611","0.0","0.0","65535.0","","","1.0","Double","","","15","0","LIC004","OEM/Customer can use this parameter to assign Parameter version","Parameter version","DWC","","1,2,3","1.0","","Parameter Version"
"Ser","Fir","Service","服务","Software Version","固件版本","2003","0.0","0.0","65535.0","","","100.0","Float","","","15","1","LIC001","Controller Software Version","Controller Software Version","DWC","","1,2,3","100.0","","Software Version"
"Ser","Har","Service","服务","Hardware Version","硬件版本","2610","0.0","0.0","65535.0","","","1.0","INT","","","15","1","LIC001","Danfoss Hardware version of the controller","Danfoss Hardware version of the controller","DWC","","1,2,3","1.0","","Hardware Version"
"Ser","onL","Service","服务","Code Number","代码","2011","4011.0","0.0","65535.0","","","1.0","INT","","","15","1","LIC001","Danfoss order code number last 4 digit","Danfoss order code number last 4 digit","DWC","","1,2,3","1.0","","Code Number"
"Ser","onH","Service","服务","Order No high","订单高位代码","2015","0.0","0.0","65535.0","","","1.0","INT","","","0","1","LIC001","Danfoss order code number first 3 digit","Danfoss order code number first 3 digit","DWC","","1,2,3","1.0","","Order No high"
"Ser","oEL","Service","服务","OEM low","OEM低位代码","2016","0.0","0.0","65535.0","","","1.0","Double","","","15","0","LIC001","OEM/Customer can use this parameter to assign their code number for their various applications","OEM/Customer can use this parameter to assign their code number for their various applications","DWC","","1,2,3","1.0","","OEM low"
"Ser","oEH","Service","服务","OEM High","OEM高位代码","2018","0.0","0.0","65535.0","","","1.0","Double","","","15","0","LIC001","OEM / Customer can use this parameter to assign their code number for their various applications","OEM / Customer can use this parameter to assign their code number for their various applications","DWC","","1,2,3","1.0","","OEM High"
"Ser","CTi","Service","服务","Thermostat cut in","恒温器切入","10024","0.0","-100.0","200.0","C/F a","°C","100.0","Float","","","15","1","LIC005","Thermostst cut in temperature at current spindle position","Thermostst cut in temperature at current spindle position","DWC","","1,2,3","100.0","","Thermostat cut in"
"Ser","CTO","Service","服务","Thermostat cut out","切断了","10025","0.0","-100.0","200.0","C/F a","°C","100.0","Float","","","15","1","LIC006","Thermostst cut out temperature at current spindle position","Thermostst cut out temperature at current spindle position","DWC","","1,2,3","100.0","","Thermostat cut out"
"Ser","att","Service","服务","Cabinet Air temperature","干空气温度","2530","0.0","-100.0","200.0","C/F a","°C","100.0","Float","","","15","1","LIC001","Temperature of Cabinet Air sensor","Temperature of Cabinet Air sensor","DWC","","1,2,3","100.0","","Cabinet Air temperature"
"Ser","Et1","Service","服务","Evaporator 1 temperature","蒸发温度","2531","0.0","-100.0","200.0","C/F a","°C","100.0","Float","","","15","1","LIC001","Temperature of Evaporator 1 sensor","Temperature of Evaporator 1 sensor","DWC","","1,2,3","100.0","(S2_Configuration == 2 || S3_Configuration == 2)","Evaporator 1 temperature"
"Ser","Ct1","Service","服务","Condenser temperature","冷凝温度","2532","0.0","-100.0","200.0","C/F a","°C","100.0","Float","","","15","1","LIC001","Temperature of condenser sensor","Temperature of condenser sensor","DWC","","1,2,3","100.0","(S2_Configuration == 1 || S3_Configuration == 1)","Condenser temperature"
"Ser","dr1","Service","服务","Door Status on S2","门开关状态","2902","1.0","0.0","2.0","","","1.0","enum","0:Close,1:Open,2:Not Configured","0:关,1:打开,2:未配置","15","1","LIC001","Status of the door switch configured on S2 Port
Close: Door is closed
Open: Door is open
Not Configured: Door switch is not configured to this port","Status of the door switch configured on S2 Port
Close: Door is closed
Open: Door is open
Not Configured: Door switch is not configured to this port","DWC","","1,2,3","1.0","","Door Status on S2"
"Ser","DI1","Service","服务","DI Switch Status on S2","DI Switch Status on S2","2904","0.0","0.0","2.0","","","1.0","enum","0:Open,1:Close,2:Not Configured","0:Open,1:Close,2:Not Configured","15","1","LIC001","Status of the digital input configured on S2 Port
Open- Deactivated
Close- Activated
Not Configured- Di switch is not configured to this port","Status of the digital input configured on S2 Port
Open- Deactivated
Close- Activated
Not Configured- Di switch is not configured to this port","DWC","","1,2,3","1.0","","DI Switch Status on S2"
"Ser","uSp","Service","服务","Spindle position","主轴位置","10023","0.0","1.0","32765.0","","%","1.0","INT","","","15","1","LIC001","Current position of the spindle Warm- 0%Cold-100%""","Current position of the spindle Warm- 0%Cold-100%""","DWC","","1,2,3","1.0","","Spindle position"
"Ser","R1S","Service","服务","Relay 1 Status","继电器1状态","2513","0.0","0.0","1.0","","","1.0","enum","0:Off,1:On","0:否,1:是","15","1","LIC001","This parameter displays the status of Relay 1
(ON / OFF)","This parameter displays the status of Relay 1
(ON / OFF)","DWC","","1,2,3","1.0","","Relay 1 Status"
"Ser","R2S","Service","服务","Relay 2 Status","继电器2状态","2514","0.0","0.0","1.0","","","1.0","enum","0:Off,1:On","0:否,1:是","15","1","LIC001","This parameter displays the status of Relay 2
(ON / OFF)","This parameter displays the status of Relay 2
(ON / OFF)","DWC","","1,2,3","1.0","","Relay 2 Status"
"Ser","R3S","Service","服务","Relay 3 Status","继电器3状态","2516","0.0","0.0","1.0","","","1.0","enum","0:Off,1:On","0:否,1:是","14","1","LIC001","This parameter displays the status of Relay 3
(ON / OFF)","This parameter displays the status of Relay 3
(ON / OFF)","DWC","","1,2,3","1.0","","Relay 3 Status"
"Ser","thS","Service","服务","Thermostat status","恒温器状态","2905","1.0","1.0","10.0","","","1.0","enum","1:Initial State,2:Serving,3:Economic Mode,4:Initial pull down,5:Pull down,6:Emergency Mode,7:Main switch Off,8:Holiday,9:AHC,10:Energy Mode","1:Initial State,2:Serving,3:Economic Mode,4:Initial pull down,5:Pull down,6:Emergency Mode,7:Main switch Off,8:Holiday,9:AHC,10:Energy Mode","15","1","LIC001","Controller operating status
1- Initial state
2-Serving
3-Eco Mode
4-Initial Pull down (IPD)
5- Pull down /Super cool Mode
6-Emergency Mode
7-Main Switch Off
8. Holiday mode
9. Automatic Heater Control mode
10. Energy mode delay","Controller operating status
1- Initial state
2-Serving
3-Eco Mode
4-Initial Pull down (IPD)
5- Pull down /Super cool Mode
6-Emergency Mode
7-Main Switch Off
8. Holiday mode
9. Automatic Heater Control mode
10. Energy mode delay","DWC","","1,2,3","1.0","","Thermostat status"
"Ser","dES","Service","服务","Defrost Status (Stages)","除霜状态（阶段）","2906","1.0","1.0","4.0","","","1.0","enum","1:Idle,2:Ice off,3:Drip off,4:Cooling preperation","1:Idle,2:Ice off,3:Drip off,4:Cooling preperation","15","1","LIC001","1- Idle
2- Ice off
3- Drip off
4- Cooling preparation after defrost","1- Idle
2- Ice off
3- Drip off
4- Cooling preparation after defrost","DWC","","1,2,3","1.0","","Defrost Status (Stages)"
"DEF","dFt","Defrost","除霜","Defrost type","化霜方法","1000","1.0","0.0","3.0","no","","1.0","enum","0:no,1:nAt,2:EL,3:Hgd","0:no,1:nAt,2:EL,3:Hgd","15","0","LIC001","This parameter defines the required type of defrostno- Defrost function is disablednAt- Natural defrost (OFF-cycle defrost)EL- Electrical defrostHgd- Hot gas defrost","This parameter defines the required type of defrost
No- Defrost function is disabled
nAt- Natural defrost (OFF-cycle defrost)
EL- Electrical defrost
Hgd- Hot gas defrost","DWC","","1,2,3","1.0","","Defrost type"
"DEF","dii","Defrost","除霜","Minimum defrost Interval","除霜最小间隔","1030","360.0","1.0","4320.0","no","Mins","1.0","INT","","","15","0","LIC001","Defines the minimum time period between the start of two defrost cycles. If the evaporator temperature goes below the defrost start temperature (dEt) controller triggers the defrost after this period, if not trigger the defrost at Maximum defrost interval (dAi)","Defines the minimum time period between the start of two defrost cycles. If the evaporator temperature goes below the defrost start temperature (dEt) controller triggers the defrost after this period, if not trigger the defrost at Maximum defrost interval (dAi)","DWC","","1,2,3","1.0","","Minimum defrost Interval"
"DEF","dAi","Defrost","除霜","Maximum defrost Interval","除霜最大间隔","1031","420.0","1.0","4320.0","no","Mins","1.0","INT","","","15","0","LIC001","Maximum time period between the start of two defrost cycles","Maximum time period between the start of two defrost cycles","DWC","","1,2,3","1.0","","Maximum defrost Interval"
"DEF","dAt","Defrost","除霜","Maximum defrost Time","最大除霜持续时间","1003","30.0","0.0","480.0","no","Mins","1.0","INT","","","15","0","LIC001","Maximum duration of a defrost cycle. Controller will terminate the defrost after this time, even if evap sensor is configured and evaporator temperature is less than terminate temperature (dtt)","Maximum duration of a defrost cycle. Controller will terminate the defrost after this time, even if evap sensor is configured and evaporator temperature is less than terminate temperature (dtt)","DWC","","1,2,3","1.0","","Maximum defrost Time"
"DEF","dtt","Defrost","除霜","Defrost Terminate Temp","除霜终止温度","1001","6.0","0.0","50.0","C/F a","°C","100.0","Float","","","15","0","LIC001","This parameter defines the evaporator temperature at which defrost must be terminated. controller will terminate the defrost based on the defrost terminate temperature (dtt) or Maximum defrost time (dAt). If no evaporator sensor is used, defrost would be terminated based on the maximum defrost time (dAt)","This parameter defines the evaporator temperature at which defrost must be terminated. controller will terminate the defrost based on the defrost terminate temperature (dtt) or Maximum defrost time (dAt). If no evaporator sensor is used, defrost would be terminated based on the maximum defrost time (dAt)","DWC","","1,2,3","100.0","","Defrost Terminate Temp"
"DEF","dCt","Defrost","除霜","Defrost on accumulated Compressor Run Time","基于压缩机运行时间化霜","1033","0.0","0.0","1.0","no","","1.0","enum","0:No,1:Yes","0:关闭,1:开启","15","0","LIC001","If this parameter is set to ""Yes"", defrost interval is calculated based on the total time the compressor has been running. If this parameter is set to No, then defrost interval is based on the elapsed time,regardless of compressor ON time","If this parameter is set to ""Yes"", defrost interval is calculated based on the total time the compressor has been running. If this parameter is set to No, then defrost interval is based on the elapsed time,regardless of compressor ON time","DWC","","1,2,3","1.0","","Defrost On accumulated Compressor Run Time"
"DEF","dEt","Defrost","除霜","Defrost Start by Evap Temp","除霜启动蒸发温度","1035","-100.0","-100.0","0.0","C/F a","°C","100.0","Float","","","15","0","LIC001","Evaporator Temperature at which the defrost to be triggered after minimum defrost interval to avoid excess frost on the evaporator (Active only if evaporator sensor is configured)","Evaporator Temperature at which the defrost to be triggered after minimum defrost interval to avoid excess frost on the evaporator (Active only if evaporator sensor is configured)","DWC","","1,2,3","100.0","","Defrost Start by Evap Temp"
"DEF","dot","Defrost","除霜","Drip Off time","门开延迟","1005","2.0","0.0","60.0","no","Mins","1.0","INT","","","15","0","LIC001","Defines the time delay to start compressor after terminating defrost. This feature is to ensure no water droplet on the evaporator before starting the cooling cycle","Defines the time delay to start compressor after terminating defrost. This feature is to ensure no water droplet on the evaporator before starting the cooling cycle","DWC","","1,2,3","1.0","","Drip Off time"
"DEF","Fdd","Defrost","除霜","Fan Delay After Defrost","除霜后风扇延迟除霜后风扇延迟","1006","0.0","0.0","960.0","no","Secs","1.0","INT","","","15","0","LIC001","Defines delay in switching ON the fan  from compressor start after defrost to avoid warm air circulation","Defines delay in switching ON the fan  from compressor start after defrost to avoid warm air circulation","DWC","","1,2,3","1.0","","Fan Delay After Defrost"
"DEF","Ftd","Defrost","除霜","Fan Start Temperature after defrost","化霜时后启动温度","1007","25.0","-25.0","25.0","C/F a","°C","100.0","Float","","","15","0","LIC001","This parameter determines at what evaporator temperature the fan will start after a defrost cycle. If the time set in ""Fdd"" occurs before the temperature set in ""Ftd"", the fan will start in line with ""Fdd"". If the temperature set in ""Ftd"" occurs first, then the fan will start in line with ""Ftd""","This parameter determines at what evaporator temperature the fan will start after a defrost cycle. If the time set in ""Fdd"" occurs before the temperature set in ""Ftd"", the fan will start in line with ""Fdd"". If the temperature set in ""Ftd"" occurs first, then the fan will start in line with ""Ftd""","DWC","","1,2,3","100.0","","Fan Start Temperature after defrost"
"DEF","dFa","Defrost","除霜","Fan ON during Defrost","化霜时风机开启","1008","0.0","0.0","1.0","no","","1.0","enum","0:No,1:Yes","0:关闭,1:开启","15","0","LIC001","Defines the status of fan during defrost. Set to ""Yes"", the fan will run during defrost cycles and set to ""No"", will keep the fan off during defrost cycles","Defines the status of fan during defrost. Set to ""Yes"", the fan will run during defrost cycles and set to ""No"", will keep the fan off during defrost cycles","DWC","","1,2,3","1.0","","Fan ON during Defrost"
"DEF","idi","Defrost","除霜","Initial Defrost Interval","初始化霜间隔","1002","180.0","0.0","4320.0","","Mins","1.0","INT","","","15","0","LIC001","The initial defrost interval determines the time for first defrost after power-up. The initial defrost is mainly intended for factory testing of the defrost functionality and can be set to expire after a number compressor cycles according to the setting of parameter ""idd""","The initial defrost interval determines the time for first defrost after power-up. The initial defrost is mainly intended for factory testing of the defrost functionality and can be set to expire after a number compressor cycles according to the setting of parameter ""idd""","DWC","","1,2,3","1.0","","Initial Defrost Interval"
"DEF","idd","Defrost","除霜","Initial Defrost duration","初始化霜持续时间","1009","0.0","0.0","999.0","","Cycles","1.0","INT","","","15","0","LIC001","The initial defrost duration is the number of compressor cycles after which initial defrost is deactivated.
""0""-  No initial defrost
""1-998""- number of compressor cycles before deactivation
""999""- initial defrost always active","The initial defrost duration is the number of compressor cycles after which initial defrost is deactivated.
""0""-  No initial defrost
""1-998""- number of compressor cycles before deactivation
""999""- initial defrost always active","DWC","","1,2,3","1.0","","Initial defrost duration"
"Ser","InC","Service","服务","Defrost interval counter - Comp. run time","Defrost interval counter - Comp. run time","2607","0.0","0.0","32767.0","","Mins","1.0","INT","","","15","1","LIC001","Defrost interval counter based on accumulated compressor run time","Defrost interval counter based on accumulated compressor run time","DWC","","1,2,3","1.0","","Defrost interval counter - Comp. run time"
"Ser","Int","Service","服务","Defrost Interval counter - Elapsed time","Defrost Interval counter - Elapsed time","2606","0.0","0.0","32767.0","","Mins","1.0","INT","","","15","1","LIC001","Defrost interval counter based on elapsed time","Defrost interval counter based on elapsed time","DWC","","1,2,3","1.0","","Defrost Interval counter - Elapsed time"
"Ser","ALS","Service","服务","Alarm status","报警状态","2542","0.0","1.0","32765.0","","","1.0","INT","","","0","1","LIC001","Alarm status","Alarm status","DWC","","1,2,3","1.0","","Alarm status"
"Ser","uAC","Service","服务","Main Voltage","电压读数","2600","0.0","1.0","300.0","no","V","1.0","INT","","","15","1","LIC001","Main power supply voltage","Main power supply voltage","DWC","","1,2,3","1.0","","Main Voltage"
"Ser","ALS","Service","服务","Sensor Port 1 temperature sensor Error","传感器端口1温度传感器错误","2542","0.0","1.0","32765.0","","","1.0","BIT","","","15","1","LIC001","Error Status of Sensor Port 1","Error Status of Sensor Port 1","DWC","0","1,2,3","1.0","","Sensor Port 1 temperature sensor Error"
"Ser","ALS","Service","服务","Sensor Port 2 temperature sensor Error","传感器端口2温度传感器错误","2542","0.0","1.0","32765.0","","","1.0","BIT","","","15","1","LIC001","Error Status of Sensor Port 2","Error Status of Sensor Port 2","DWC","1","1,2,3","1.0","","Sensor Port 2 temperature sensor Error"
"Ser","ALS","Service","服务","High Temperature Alarm","高温报警","2542","0.0","1.0","32765.0","","","1.0","BIT","","","15","1","LIC001","High Temperature Alarm","High Temperature Alarm","DWC","3","1,2,3","1.0","","High Temperature Alarm"
"Ser","ALS","Service","服务","Low Temperature Alarm","低温报警","2542","0.0","1.0","32765.0","","","1.0","BIT","","","15","1","LIC001","Low Temperature Alarm","Low Temperature Alarm","DWC","4","1,2,3","1.0","","Low Temperature Alarm"
"Ser","ALS","Service","服务","Door Open Alarm","门打开报警","2542","0.0","1.0","32765.0","","","1.0","BIT","","","15","1","LIC001","Door Open Alarm","Door Open Alarm","DWC","5","1,2,3","1.0","","Door Open Alarm"
"Ser","ALS","Service","服务","Condensor Alarm","冷凝器报警","2542","0.0","1.0","32765.0","","","1.0","BIT","","","15","1","LIC001","Alarm due to high Condensor temperature","Alarm due to high Condensor temperature","DWC","6","1,2,3","1.0","","Condensor Alarm"
"Ser","ALS","Service","服务","Leakage Alarm","泄漏报警","2542","0.0","1.0","32765.0","","","1.0","BIT","","","15","1","LIC001","Leakage Alarm","Leakage Alarm","DWC","7","1,2,3","1.0","","Leakage Alarm"
"Ser","ALS","Service","服务","High Voltage Alarm","高电压报警","2542","0.0","1.0","32765.0","","","1.0","BIT","","","15","1","LIC001","Alarm triggred if supply voltage goes above high voltage limit","Alarm triggred if supply voltage goes above high voltage limit","DWC","8","1,2,3","1.0","","High Voltage Alarm"
"Ser","ALS","Service","服务","Low Voltage Alarm","低电压报警","2542","0.0","1.0","32765.0","","","1.0","BIT","","","15","1","LIC001","Alarm triggred if supply voltage goes below low voltage limit","Alarm triggred if supply voltage goes below low voltage limit","DWC","9","1,2,3","1.0","","Low Voltage Alarm"
"Ser","ALS","Service","服务","Pot Error","锅错误","2542","0.0","1.0","32765.0","","","1.0","BIT","","","15","1","LIC001","This error indicates fault in potentiometer","This error indicates fault in potentiometer","DWC","10","1,2,3","1.0","","Pot Error"
"ASi","S3C","Assignment","配置","S3 Configuration","S3 Configuration","2079","0.0","0.0","8.0","no","","1.0","enum","0:nC,1:Con,2:EuA,3:doC,4:doo,5:ESP,6:ESt,7:Pud,8:dES","0:nC,1:Con,2:EuA,3:doC,4:doo,5:ESP,6:ESt,7:Pud,8:dES","15","0","LIC001","Desired configuration for S3 port
nC- Not used/configured
Con- Condenser Sensor
EuA- Defrost/evap Sensor
doC- Door Sensor (Normally closed type)
doo- Door Sensor (Normally open type)
ESP- Eco Switch - Push button type
ESt- ECO Switch - Toggle type
Pud- Pull down switch - Push Button type only
dES- Defrost switch -- Push Button type only","Desired configuration for S3 port
nC- Not used/configured
Con- Condenser Sensor
EuA- Defrost/evap Sensor
doC- Door Sensor (Normally closed type)
doo- Door Sensor (Normally open type)
ESP- Eco Switch - Push button type
ESt- ECO Switch - Toggle type
Pud- Pull down switch - Push Button type only
dES- Defrost switch -- Push Button type only
","DWC","","1,2,3","1.0","","S3 Configuration"
"ASi","o3C","Assignment","配置","Relay 3 Config","继电器3配置","2316","2.0","0.0","5.0","no","","1.0","enum","0:nC,1:dEF,2:FAn,3:LIg,4:ALA,5:Scc","0:nC,1:dEF,2:FAn,3:LIg,4:ALA,5:Scc","14","0","LIC001","Desired configuration for relay 3nC-Not ConnecteddEF- Configured for defrost heater or defrost valveFAn- Configured for evaporator fanLIg - Configured for Cabinet LightALA- Configured for External AlarmScc - Second compressor","Desired configuration for relay 3nC-Not ConnecteddEF- Configured for defrost heater or defrost valveFAn- Configured for evaporator fanLIg - Configured for Cabinet LightALA- Configured for External AlarmScc - Second compressor","DWC","","1,2,3","1.0","","Relay 3 Config"
"CoP","Scd","Compressor","压缩机","Second Compressor start delay","第二台压缩机启动延迟","505","15.0","0.0","960.0","no","Secs","1.0","INT","","","15","0","LIC001","Delay time for starting second compressor in dual compressor control","Delay time for starting second compressor in dual compressor control","DWC","","1,2,3","1.0","","Second Compressor start delay"
"ALA","LEA","Alarm","报警","Leakage Alarm Compressor Run Time","泄漏报警压缩机运行时间","10006","0.0","0.0","96.0","no","Hrs","1.0","INT","","","15","0","LIC001","If compressor operates continuously for more than the time configured in this parameter Leakage alarm will be triggered. Generally this value to be set higher than pull down duration ""Pdd"". 
""0"": disable","If compressor operates continuously for more than the time configured in this parameter Leakage alarm will be triggered. Generally this value to be set higher than pull down duration ""Pdd"". 
""0"": disable","DWC","","1,2,3","1.0","","Leakage Alarm Compressor Run Time"
"DEF","dit","Defrost","除霜","Minimum defrost time","最小除霜时间","1032","5.0","0.0","240.0","no","Mins","1.0","INT","","","15","0","LIC001","Defines the minimum duration of a defrost cycle. During this period, the controller will not check the temperature. Once the minimum time has expired, the temperature will be checked and if the terminate temperature ""dtt"" has been reached, the defrost cycle will end. If dtt has not been reached, defrost will continue until maximum defrost time ""dAt"" reached.","Defines the minimum duration of a defrost cycle. During this period, the controller will not check the temperature. Once the minimum time has expired, the temperature will be checked and if the terminate temperature ""dtt"" has been reached, the defrost cycle will end. If dtt has not been reached, defrost will continue until maximum defrost time ""dAt"" reached.","DWC","","1,2,3","1.0","","Minimum defrost time"
"Lig","CLC","Light","光","Cabinet Light Control (Normal mode)","机柜灯控制（正常模式）","2324","0.0","0.0","2.0","no","","1.0","enum","0:ON,1:OFF,2:dor","0:ON,1:OFF,2:dor","15","0","LIC001","ON: Always ON (Button is default to control light for all these options)
OFF: Always OFF
dor: Door sensor only","ON: Always ON (Button is default to control light for all these options)
OFF: Always OFF
dor: Door sensor only","DWC","","1,2,3","1.0","","Cabinet Light Control (Normal mode)"
"Lig","ELC","Light","光","Cabinet light control (ECO mode)","橱柜灯控制（ECO模式）","2122","1.0","0.0","2.0","no","","1.0","enum","0:on,1:oFF,2:dor","0:on,1:oFF,2:dor","15","0","LIC001","on: Always ON (Button is default to control light for all these options)oFF: Always OFFdor: Door sensor only ","on: Always ON (Button is default to control light for all these options)oFF: Always OFFdor: Door sensor only ","DWC","","1,2,3","1.0","","Cabinet light control (ECO mode)"
"Lig","Lod","Light","光","Light OFF delay","关灯延迟","2325","0.0","0.0","300.0","no","Secs","1.0","INT","","","15","0","LIC001","Delay to turn off the cabinet light after door close.","Delay to turn off the cabinet light after door close.","DWC","","1,2,3","1.0","","Light OFF delay"
"ECO","HLY","ECO Strategy","ECO策略","Holiday Mode ","假日模式","703","0.0","0.0","1.0","no","","1.0","enum","0:No,1:Yes","0:关闭,1:开启","15","0","LIC001","Holiday mode is active or not. If selected ""No""  all other settings related to holiday mode are not active","Holiday mode is active or not. If selected ""No""  all other settings related to holiday mode are not active","DWC","","1,2,3","1.0","","Holiday Mode"
"ECO","HoL","ECO Strategy","ECO策略","Holiday Length","假期长度","2117","72.0","0.0","999.0","no","Hrs","1.0","INT","","","15","0","LIC001","Criteria for entering holiday mode based on number of hours of no activity in ECO mode. If controller does not detect any activity after enetering ECO mode for these many hours it will trigger the Holiday mode and set the temperature as per holiday offset","Criteria for entering holiday mode based on number of hours of no activity in ECO mode. If controller does not detect any activity after enetering ECO mode for these many hours it will trigger the Holiday mode and set the temperature as per holiday offset","DWC","","1,2,3","1.0","","Holiday Length"
"ECO","Hto","ECO Strategy","ECO策略","Holiday Temperature offset","假日温度偏移","2118","6.0","-25.0","25.0","C/F r","K","100.0","Float","","","15","0","LIC001","Defines the offset temperature during holiday mode. Offset can be possitive or negative.","Defines the offset temperature during holiday mode. Offset can be possitive or negative.","DWC","","1,2,3","100.0","","Holiday Temperature offset"
"AHC","AuH","Automatic Heater Control","自动加热器控制","Automatic Heater Control Mode ","自动加热器控制模式","2024","0.0","0.0","1.0","no","","1.0","enum","0:No,1:Yes","0:关闭,1:开启","15","0","LIC001","Automatic heater control /dual mode is to protect food items stored in cabinet from frozen during the winter when installed outdoor. Automatic heater control uses the defrost heater to increase the cabinet temperature when it goes below the cut out temperature during Cooling mode.No: This feature is disabledYes: Feature is active","Automatic heater control /dual mode is to protect food items stored in cabinet from frozen during the winter when installed outdoor. Automatic heater control uses the defrost heater to increase the cabinet temperature when it goes below the cut out temperature during Cooling mode.No: This feature is disabledYes: Feature is active","DWC","","1,2,3","1.0","","Automatic Heater Control Mode"
"AHC","CHI","Automatic Heater Control","自动加热器控制","Heater low set point","加热器设定值低","2025","-100.0","-100.0","120.0","C/F a","°C","100.0","Float","","","15","0","LIC001","Heater Cut out temperature at coldest position of the spindle (thermostat knob) auto heating","Heater Cut out temperature at coldest position of the spindle (thermostat knob) auto heating","DWC","","1,2,3","100.0","","Heater low set point"
"AHC","WHI","Automatic Heater Control","自动加热器控制","Heater high set point","加热器设定值高","2026","-100.0","-100.0","120.0","C/F a","°C","100.0","Float","","","15","0","LIC001","Heater Cut out temperature at warmest position of the spindle (thermostat knob) auto heating","Heater Cut out temperature at warmest position of the spindle (thermostat knob) auto heating","DWC","","1,2,3","100.0","","Heater high set point"
"AHC","CDH","Automatic Heater Control","自动加热器控制","Heater low differential","加热器低差","2027","2.0","1.0","50.0","C/F a","K","100.0","Float","","","15","0","LIC001","This defines the difference between the heater cut-out and the cut-in at coldest position of thermostat for auto heating","Heater Cut out temperature at coldest position of the spindle (thermostat knob) auto heating","DWC","","1,2,3","100.0","","Heater low differential"
"AHC","WDH","Automatic Heater Control","自动加热器控制","Heater High differential","加热器低差","2028","2.0","1.0","50.0","C/F a","K","100.0","Float","","","15","0","LIC001","This defines the difference between the heater cut-out and the cut-in at warmest position of thermostat for Auto heating","Heater Cut out temperature at coldest position of the spindle (thermostat knob) auto heating","DWC","","1,2,3","100.0","","Heater High differential"
"AHC","End","Automatic Heater Control","自动加热器控制","Energy mode delay","能量模式延迟","700","60.0","0.0","360.0","no","Mins","1.0","INT","","","15","0","LIC001","This is the delay in minutes between the heater and the compressor operation. The heater is not allowed to start until this number of minutes has expired after the compressor has cut out and vice versa","This is the delay in minutes between the heater and the compressor operation. The heater is not allowed to start until this number of minutes has expired after the compressor has cut out and vice versa","DWC","","1,2,3","1.0","","Energy mode delay"
"Tst","tSt","Test Mode","测试模式","Relay 3 Switch","继电器3开关","340","0.0","0.0","1.0","","","1.0","BIT","0:Off,1:On","0:Off,1:On","14","99","LIC001","Turn On Relay 3 Switch Manually","Turn On Relay 3 Switch Manually","DWC","2","1,2,3","1.0","(Operating_mode == 0 &&  Relay_3_Config > 0)","Relay 3 Switch"
"Ser","DI2","Service","服务","DI Switch Status on S3","DI Switch Status on S3","2908","0.0","0.0","2.0","","","1.0","enum","0:Open,1:Close,2:Not Configured","0:Open,1:Close,2:Not Configured","15","1","LIC001","Status of the digital input configured on S3 Port
Open- Deactivated
Close- Activated
Not Configured- Di switch is not configured to this port","Status of the digital input configured on S3 Port
Open- Deactivated
Close- Activated
Not Configured- Di switch is not configured to this port","DWC","","1,2,3","1.0","","DI Switch Status on S3"
"Ser","Et2","Service","服务","Evaporator 2 temperature","蒸发温度","2536","0.0","-100.0","200.0","C/F a","°C","100.0","Float","","","15","1","LIC001","Temperature of Evaporator 2 sensor","Temperature of Evaporator 2 sensor","DWC","","1,2,3","100.0","(S2_Configuration == 2 && S3_Configuration == 2)","Evaporator 2 temperature"
"Ser","ALS","Service","服务","Sensor Port 3 temperature sensor Error","传感器端口3温度传感器错误","2542","0.0","1.0","32765.0","","","1.0","BIT","","","15","1","LIC001","Error Status of Sensor Port 3","Error Status of Sensor Port 3","DWC","2","1,2,3","1.0","","Sensor Port 3 temperature sensor Error"
"Ser","dr2","Service","服务","Door Status on S3","Door Status on S3","2903","1.0","0.0","2.0","","","1.0","enum","0:Close,1:Open,2:Not Configured","0:关,1:打开,2:未配置","15","1","LIC001","Status of the door switch configured on S3 Port
Close: Door is closed
Open: Door is open
Not Configured: Door switch is not configured to this port","Status of the door switch configured on S3 Port
Close: Door is closed
Open: Door is open
Not Configured: Door switch is not configured to this port","DWC","","1,2,3","1.0","","Door Status on S3"
